1_root/1409_Personal_Items/1410_Clothes_Footwear_Accessories/1411_Shoes
1_root/1409_Personal_Items/1410_Clothes_Footwear_Accessories/1412_Watches_and_Jewellery
1_root/1409_Personal_Items/1410_Clothes_Footwear_Accessories/1413_Men_s_Clothing_and_Accessories
1_root/1409_Personal_Items/1410_Clothes_Footwear_Accessories/1414_Wedding_Clothes_Accessories
1_root/1409_Personal_Items/1410_Clothes_Footwear_Accessories/1415_Women_s_Clothing_and_Accessories
1_root/1409_Personal_Items/1410_Clothes_Footwear_Accessories/1416_Other
1_root/1409_Personal_Items/1417_Health_Beauty/1418_Other
1_root/1409_Personal_Items/1417_Health_Beauty/1419_Perfume
1_root/1409_Personal_Items/1417_Health_Beauty/1420_Bath_Body
1_root/1409_Personal_Items/1417_Health_Beauty/1421_Diet_Weight_Loss
1_root/1409_Personal_Items/1417_Health_Beauty/1422_Vitamins_Supplements
1_root/1409_Personal_Items/1417_Health_Beauty/4272_Cosmetics
1_root/1317_Electronics/1336_Cameras_and_Camcorders/1337_Photo_Cameras
1_root/1317_Electronics/1336_Cameras_and_Camcorders/1338_Video_Camcorders
1_root/1317_Electronics/1336_Cameras_and_Camcorders/1340_Photo_and_Video_Accessories
1_root/1317_Electronics/1336_Cameras_and_Camcorders/1339_Other_Cameras
1_root/1317_Electronics/1341_Computers/1342_Desktop_Workstation_PCs
1_root/1317_Electronics/1341_Computers/1343_Laptops_and_Netbooks
1_root/1317_Electronics/1341_Computers/1344_Tablets_e_books
1_root/1317_Electronics/1341_Computers/1345_Parts_Accessories/1346_Hard_Drives_External_Drives
1_root/1317_Electronics/1341_Computers/1345_Parts_Accessories/1347_Keyboards_Webcams_Mice
1_root/1317_Electronics/1341_Computers/1345_Parts_Accessories/1348_Laptop_Accessories
1_root/1317_Electronics/1341_Computers/1345_Parts_Accessories/1349_Modems_Broadband_Networking
1_root/1317_Electronics/1341_Computers/1345_Parts_Accessories/1350_Monitors_Projectors
1_root/1317_Electronics/1341_Computers/1345_Parts_Accessories/1351_Printers_Scanners
1_root/1317_Electronics/1341_Computers/1345_Parts_Accessories/1352_Server
1_root/1317_Electronics/1341_Computers/1345_Parts_Accessories/1353_Speakers_Headsets_Microphones
1_root/1317_Electronics/1341_Computers/1345_Parts_Accessories/1354_Tablet_eBook_eReader_Accessories
1_root/1317_Electronics/1341_Computers/1345_Parts_Accessories/1355_Video_Cards_Sound_Cards
1_root/1317_Electronics/1341_Computers/1345_Parts_Accessories/1356_Memory_Motherboards_Processors
1_root/1317_Electronics/1341_Computers/1345_Parts_Accessories/2162_PDAs_Handhelds_Accessories
1_root/1317_Electronics/1357_Mobile_Phones_and_Accessories/1360_Mobile_Phones/1361_Apple_iPhone
1_root/1317_Electronics/1357_Mobile_Phones_and_Accessories/1360_Mobile_Phones/1362_Blackberry
1_root/1317_Electronics/1357_Mobile_Phones_and_Accessories/1360_Mobile_Phones/1363_HTC
1_root/1317_Electronics/1357_Mobile_Phones_and_Accessories/1360_Mobile_Phones/1364_LG
1_root/1317_Electronics/1357_Mobile_Phones_and_Accessories/1360_Mobile_Phones/1365_Motorola
1_root/1317_Electronics/1357_Mobile_Phones_and_Accessories/1360_Mobile_Phones/1366_Nokia
1_root/1317_Electronics/1357_Mobile_Phones_and_Accessories/1360_Mobile_Phones/1367_O_XDA
1_root/1317_Electronics/1357_Mobile_Phones_and_Accessories/1360_Mobile_Phones/1368_Orange
1_root/1317_Electronics/1357_Mobile_Phones_and_Accessories/1360_Mobile_Phones/1369_Samsung
1_root/1317_Electronics/1357_Mobile_Phones_and_Accessories/1360_Mobile_Phones/1370_Siemens
1_root/1317_Electronics/1357_Mobile_Phones_and_Accessories/1360_Mobile_Phones/1371_Sony_Ericsson
1_root/1317_Electronics/1357_Mobile_Phones_and_Accessories/1360_Mobile_Phones/1372_T_Mobile_MDA
1_root/1317_Electronics/1357_Mobile_Phones_and_Accessories/1360_Mobile_Phones/1373_Vodafone
1_root/1317_Electronics/1357_Mobile_Phones_and_Accessories/1360_Mobile_Phones/1374_Acer
1_root/1317_Electronics/1357_Mobile_Phones_and_Accessories/1360_Mobile_Phones/1375_Alcatel
1_root/1317_Electronics/1357_Mobile_Phones_and_Accessories/1360_Mobile_Phones/1376_Asus
1_root/1317_Electronics/1357_Mobile_Phones_and_Accessories/1360_Mobile_Phones/1377_Bird
1_root/1317_Electronics/1357_Mobile_Phones_and_Accessories/1360_Mobile_Phones/1378_China_Mobile
1_root/1317_Electronics/1357_Mobile_Phones_and_Accessories/1360_Mobile_Phones/1379_Dell
1_root/1317_Electronics/1357_Mobile_Phones_and_Accessories/1360_Mobile_Phones/1380_Ericsson
1_root/1317_Electronics/1357_Mobile_Phones_and_Accessories/1360_Mobile_Phones/1381_Google_Nexus
1_root/1317_Electronics/1357_Mobile_Phones_and_Accessories/1360_Mobile_Phones/1382_HP
1_root/1317_Electronics/1357_Mobile_Phones_and_Accessories/1360_Mobile_Phones/1383_Huawei
1_root/1317_Electronics/1357_Mobile_Phones_and_Accessories/1360_Mobile_Phones/1384_I_Mate
1_root/1317_Electronics/1357_Mobile_Phones_and_Accessories/1360_Mobile_Phones/1385_Lenovo
1_root/1317_Electronics/1357_Mobile_Phones_and_Accessories/1360_Mobile_Phones/1386_Mega_Gate
1_root/1317_Electronics/1357_Mobile_Phones_and_Accessories/1360_Mobile_Phones/1387_Nec
1_root/1317_Electronics/1357_Mobile_Phones_and_Accessories/1360_Mobile_Phones/1388_Palm
1_root/1317_Electronics/1357_Mobile_Phones_and_Accessories/1360_Mobile_Phones/1389_Philips
1_root/1317_Electronics/1357_Mobile_Phones_and_Accessories/1360_Mobile_Phones/1390_Q_Mobile
1_root/1317_Electronics/1357_Mobile_Phones_and_Accessories/1360_Mobile_Phones/1391_Sagem
1_root/1317_Electronics/1357_Mobile_Phones_and_Accessories/1360_Mobile_Phones/1392_Sprint
1_root/1317_Electronics/1357_Mobile_Phones_and_Accessories/1360_Mobile_Phones/1393_Tecno
1_root/1317_Electronics/1357_Mobile_Phones_and_Accessories/1360_Mobile_Phones/1394_ZTE
1_root/1317_Electronics/1357_Mobile_Phones_and_Accessories/1360_Mobile_Phones/1395_Other_Mobile_Phones
1_root/1317_Electronics/1357_Mobile_Phones_and_Accessories/1360_Mobile_Phones/3166_Globex
1_root/1317_Electronics/1357_Mobile_Phones_and_Accessories/1360_Mobile_Phones/3173_Karbonn
1_root/1317_Electronics/1357_Mobile_Phones_and_Accessories/1360_Mobile_Phones/3165_Gigabyte
1_root/1317_Electronics/1357_Mobile_Phones_and_Accessories/1360_Mobile_Phones/3172_Jiayu
1_root/1317_Electronics/1357_Mobile_Phones_and_Accessories/1360_Mobile_Phones/3159_Bravis
1_root/1317_Electronics/1357_Mobile_Phones_and_Accessories/1360_Mobile_Phones/3179_Qumo
1_root/1317_Electronics/1357_Mobile_Phones_and_Accessories/1360_Mobile_Phones/3182_Sony
1_root/1317_Electronics/1357_Mobile_Phones_and_Accessories/1360_Mobile_Phones/3167_Goclever
1_root/1317_Electronics/1357_Mobile_Phones_and_Accessories/1360_Mobile_Phones/3184_Texet
1_root/1317_Electronics/1357_Mobile_Phones_and_Accessories/1360_Mobile_Phones/3161_Caterpillar
1_root/1317_Electronics/1357_Mobile_Phones_and_Accessories/1360_Mobile_Phones/3164_Datawind
1_root/1317_Electronics/1357_Mobile_Phones_and_Accessories/1360_Mobile_Phones/3178_Prestigio
1_root/1317_Electronics/1357_Mobile_Phones_and_Accessories/1360_Mobile_Phones/3059_Impression
1_root/1317_Electronics/1357_Mobile_Phones_and_Accessories/1360_Mobile_Phones/3060_BenQ
1_root/1317_Electronics/1357_Mobile_Phones_and_Accessories/1360_Mobile_Phones/3062_Microsoft
1_root/1317_Electronics/1357_Mobile_Phones_and_Accessories/1360_Mobile_Phones/3050_Archos
1_root/1317_Electronics/1357_Mobile_Phones_and_Accessories/1360_Mobile_Phones/3048_Fly
1_root/1317_Electronics/1357_Mobile_Phones_and_Accessories/1358_SIM_cards
1_root/1317_Electronics/1357_Mobile_Phones_and_Accessories/1359_Mobile_Phone_Accessories
1_root/1317_Electronics/1396_Video_Games_Consoles/1397_Nintendo_DS
1_root/1317_Electronics/1396_Video_Games_Consoles/1399_Nintendo_Wii
1_root/1317_Electronics/1396_Video_Games_Consoles/1398_Nintendo_DS_DSi
1_root/1317_Electronics/1396_Video_Games_Consoles/1404_PSP_Sony_PlayStation_Portable_
1_root/1317_Electronics/1396_Video_Games_Consoles/1400_PS_Vita_Sony_Playstation_Vita_
1_root/1317_Electronics/1396_Video_Games_Consoles/1401_PS_PS_Sony_PlayStation_
1_root/1317_Electronics/1396_Video_Games_Consoles/1402_PS_Sony_PlayStation_
1_root/1317_Electronics/1396_Video_Games_Consoles/1403_PS_Sony_Playstation_
1_root/1317_Electronics/1396_Video_Games_Consoles/1407_Xbox_One
1_root/1317_Electronics/1396_Video_Games_Consoles/1406_Xbox_Xbox
1_root/1317_Electronics/1396_Video_Games_Consoles/1405_Video_Game_Accessories
1_root/1317_Electronics/1396_Video_Games_Consoles/1408_Other
1_root/1317_Electronics/1324_Home_Appliances/1326_Climatic_Equipment
1_root/1317_Electronics/1324_Home_Appliances/1327_Heaters_and_fireplaces
1_root/1317_Electronics/1324_Home_Appliances/1328_Irons
1_root/1317_Electronics/1324_Home_Appliances/1460_Washing_machine
1_root/1317_Electronics/1324_Home_Appliances/1329_Vacuum_cleaners
1_root/1317_Electronics/1324_Home_Appliances/1330_Other_household_appliances
1_root/1317_Electronics/1325_Kitchen_Appliances/3058_Freezer
1_root/1317_Electronics/1325_Kitchen_Appliances/3047_Owens
1_root/1317_Electronics/1325_Kitchen_Appliances/1456_Microwave
1_root/1317_Electronics/1325_Kitchen_Appliances/1459_Drying
1_root/1317_Electronics/1325_Kitchen_Appliances/1457_Stoves
1_root/1317_Electronics/1325_Kitchen_Appliances/1458_Refrigerators
1_root/1317_Electronics/1325_Kitchen_Appliances/1454_Dishwasher
1_root/1317_Electronics/1318_Audio/1319_Speakers_sound_systems
1_root/1317_Electronics/1318_Audio/1320_iPod_and_MP_Players
1_root/1317_Electronics/1318_Audio/1322_Microphones
1_root/1317_Electronics/1318_Audio/1323_Amplifiers_and_receivers
1_root/1317_Electronics/1318_Audio/1321_Minidisc_Discman
1_root/1317_Electronics/1331_TV_and_Video/1332_TVs
1_root/1317_Electronics/1331_TV_and_Video/1334_Projectors
1_root/1317_Electronics/1331_TV_and_Video/1335_DVD_and_Blu_ray_players
1_root/1317_Electronics/1331_TV_and_Video/1333_Accessories_for_TV_and_video
1_root/1463_Children_s_Item/1464_Kids_clothes_shoes/1465_Bundle_of_Clothes
1_root/1463_Children_s_Item/1464_Kids_clothes_shoes/1466_Dresses
1_root/1463_Children_s_Item/1464_Kids_clothes_shoes/1467_Jeans_Trousers
1_root/1463_Children_s_Item/1464_Kids_clothes_shoes/1468_Kid_s_outerwear
1_root/1463_Children_s_Item/1464_Kids_clothes_shoes/1469_Shoes_Boots
1_root/1463_Children_s_Item/1464_Kids_clothes_shoes/1470_Tops_Shirts
1_root/1463_Children_s_Item/1464_Kids_clothes_shoes/1471_Other
1_root/1463_Children_s_Item/1472_Children_s_Furniture/709_Other
1_root/1463_Children_s_Item/1472_Children_s_Furniture/707_Cribs_Bassinets
1_root/1463_Children_s_Item/1472_Children_s_Furniture/708_Nursery_Furniture
1_root/1463_Children_s_Item/1473_Toys/711_Slides
1_root/1463_Children_s_Item/1474_Prams_Strollers
1_root/1463_Children_s_Item/1475_Other_children_s_items
1_root/1463_Children_s_Item/1476_Car_Seats_Baby_Carriers
1_root/1423_Home_Garden/1425_Beds_Bedroom_Furniture/1430_Single_Beds
1_root/1423_Home_Garden/1425_Beds_Bedroom_Furniture/1427_Double_Beds
1_root/1423_Home_Garden/1425_Beds_Bedroom_Furniture/1426_Bedside_Tables
1_root/1423_Home_Garden/1425_Beds_Bedroom_Furniture/1428_Linen_Bedding
1_root/1423_Home_Garden/1425_Beds_Bedroom_Furniture/1429_Mattresses
1_root/1423_Home_Garden/1425_Beds_Bedroom_Furniture/1431_Wardrobes_Shelving_Storage
1_root/1423_Home_Garden/1425_Beds_Bedroom_Furniture/718_Chests_Trunks
1_root/1423_Home_Garden/1425_Beds_Bedroom_Furniture/1432_Other_Bedroom_Furniture_Accs
1_root/1423_Home_Garden/1433_Dining_Living_Room_Furniture/1434_Carpets_Flooring
1_root/1423_Home_Garden/1433_Dining_Living_Room_Furniture/1435_Curtains_Blinds
1_root/1423_Home_Garden/1433_Dining_Living_Room_Furniture/1436_Dining_tables_and_chairs
1_root/1423_Home_Garden/1433_Dining_Living_Room_Furniture/1437_Lighting_Fittings
1_root/1423_Home_Garden/1433_Dining_Living_Room_Furniture/1438_Mirrors_clocks_decor
1_root/1423_Home_Garden/1433_Dining_Living_Room_Furniture/1439_Paintings_photos
1_root/1423_Home_Garden/1433_Dining_Living_Room_Furniture/1440_Sofas
1_root/1423_Home_Garden/1433_Dining_Living_Room_Furniture/1441_Other
1_root/1423_Home_Garden/1433_Dining_Living_Room_Furniture/1442_Armchairs_and_chairs
1_root/1423_Home_Garden/1433_Dining_Living_Room_Furniture/734_Tableware
1_root/1423_Home_Garden/1443_Garden_Patio_Furniture/1444_Barbeques
1_root/1423_Home_Garden/1443_Garden_Patio_Furniture/1445_Greenhouses
1_root/1423_Home_Garden/1443_Garden_Patio_Furniture/1446_Hammocks_Accessories
1_root/1423_Home_Garden/1443_Garden_Patio_Furniture/1447_Hoses
1_root/1423_Home_Garden/1443_Garden_Patio_Furniture/1448_Lawn_mowers
1_root/1423_Home_Garden/1443_Garden_Patio_Furniture/1449_Fireplaces_and_heaters
1_root/1423_Home_Garden/1443_Garden_Patio_Furniture/1450_Garden_furniture
1_root/1423_Home_Garden/1443_Garden_Patio_Furniture/1451_Umbrellas_Sunshades
1_root/1423_Home_Garden/1443_Garden_Patio_Furniture/738_Outdoor_Settings_Furniture
1_root/1423_Home_Garden/1443_Garden_Patio_Furniture/2638_Other_Garden_Patio_Furniture
1_root/1423_Home_Garden/1452_Kitchen/1453_Crockery
1_root/1423_Home_Garden/1452_Kitchen/1461_Other
1_root/1423_Home_Garden/1424_Tools
1_root/1423_Home_Garden/3061_Furniture_to_order
1_root/1423_Home_Garden/4273_Houseplants
1_root/1423_Home_Garden/3052_Office_furniture
1_root/1423_Home_Garden/3053_Bathroom
1_root/1423_Home_Garden/1462_Other_items_for_home
1_root/2143_Services/2150_Visas
1_root/2143_Services/2144_Household_services
1_root/2143_Services/2145_Entertainment
1_root/2143_Services/2153_Advertising_printing
1_root/2143_Services/2146_Fashion_Health_and_Beauty
1_root/2143_Services/2147_Other_services
1_root/2143_Services/2148_Property_services
1_root/2143_Services/2152_Business_services
1_root/2143_Services/2149_IT_Internet_Telekom
1_root/2143_Services/2154_Equipment_repair
1_root/2143_Services/2151_Tuition_Lessons
1_root/2143_Services/2155_Car_and_Transport
1_root/2143_Services/2156_Food_and_Catering
1_root/2143_Services/2157_Babysitter_Nanny
1_root/2143_Services/2158_Building_Home_Removals
1_root/2143_Services/3049_Equipment_for_business
1_root/2143_Services/3063_Financial_and_legal
1_root/2029_Property/2054_Commercial_property/2055_For_sale/2056_Offices
1_root/2029_Property/2054_Commercial_property/2055_For_sale/2057_Shops
1_root/2029_Property/2054_Commercial_property/2055_For_sale/2058_Restaurants_cafes
1_root/2029_Property/2054_Commercial_property/2055_For_sale/2059_Warehouses_Workshops
1_root/2029_Property/2054_Commercial_property/2055_For_sale/2060_Hotels
1_root/2029_Property/2054_Commercial_property/2055_For_sale/2061_Buildings
1_root/2029_Property/2054_Commercial_property/2055_For_sale/2062_Factories_Mills
1_root/2029_Property/2054_Commercial_property/2055_For_sale/2063_Other_Commercial_Property
1_root/2029_Property/2054_Commercial_property/2064_For_rent/2065_Warehouses_Workshops
1_root/2029_Property/2054_Commercial_property/2064_For_rent/2066_Shops
1_root/2029_Property/2054_Commercial_property/2064_For_rent/2067_Restaurants_cafes
1_root/2029_Property/2054_Commercial_property/2064_For_rent/2068_Offices
1_root/2029_Property/2054_Commercial_property/2064_For_rent/2069_Hotels
1_root/2029_Property/2054_Commercial_property/2064_For_rent/2070_Buildings
1_root/2029_Property/2054_Commercial_property/2064_For_rent/2071_Factories_Mills
1_root/2029_Property/2054_Commercial_property/2064_For_rent/2072_Other_Commercial_Property
1_root/2029_Property/2040_Apartments/2046_For_sale
1_root/2029_Property/2040_Apartments/2042_Wanted_for_sale
1_root/2029_Property/2040_Apartments/2043_For_rent/2044_For_long_term
1_root/2029_Property/2040_Apartments/2043_For_rent/2045_By_the_day
1_root/2029_Property/2040_Apartments/2041_Wanted_to_rent/4148_Uzunm_dd_tli
1_root/2029_Property/2040_Apartments/2041_Wanted_to_rent/4149_G_nd_lik
1_root/2029_Property/2047_Rooms/2048_Wanted_for_sale
1_root/2029_Property/2047_Rooms/2050_For_sale
1_root/2029_Property/2047_Rooms/2049_Wanted_to_rent
1_root/2029_Property/2047_Rooms/2051_For_rent/2052_For_long_term
1_root/2029_Property/2047_Rooms/2051_For_rent/2053_By_the_day
1_root/2029_Property/2030_Houses/2031_For_sale
1_root/2029_Property/2030_Houses/2035_Wanted_for_sale
1_root/2029_Property/2030_Houses/2032_For_rent/2033_For_long_term
1_root/2029_Property/2030_Houses/2032_For_rent/2034_By_the_day
1_root/2029_Property/2030_Houses/2036_Wanted_to_rent
1_root/2029_Property/2037_Land_plots/2038_For_sale
1_root/2029_Property/2037_Land_plots/2039_For_lease
1_root/2029_Property/2073_Garages
1_root/1477_Sport_hobby/1478_Tickets_and_travel
1_root/1477_Sport_hobby/1479_Sports_and_Leisure
1_root/1477_Sport_hobby/1480_Art_and_Collectibles
1_root/1477_Sport_hobby/1481_Books_magazines_CDs_DVDs
1_root/1477_Sport_hobby/1482_Musicial_instruments
1_root/1477_Sport_hobby/4274_Skis_and_snowboards
1_root/1477_Sport_hobby/1483_Bicycles
1_root/1501_Vehicles/1502_Used_cars/1509_Ravon
1_root/1501_Vehicles/1502_Used_cars/1510_AC
1_root/1501_Vehicles/1502_Used_cars/1512_UAZ
1_root/1501_Vehicles/1502_Used_cars/1513_TagAZ
1_root/1501_Vehicles/1502_Used_cars/1514_RAF
1_root/1501_Vehicles/1502_Used_cars/1515_Moskvich
1_root/1501_Vehicles/1502_Used_cars/1516_LuAZ
1_root/1501_Vehicles/1502_Used_cars/1517_IZH
1_root/1501_Vehicles/1502_Used_cars/1518_Rolls_Royce
1_root/1501_Vehicles/1502_Used_cars/1519_Pontiac
1_root/1501_Vehicles/1502_Used_cars/1520_Plymouth
1_root/1501_Vehicles/1502_Used_cars/1521_Oldsmobile
1_root/1501_Vehicles/1502_Used_cars/1522_Lincoln
1_root/1501_Vehicles/1502_Used_cars/1523_LIFAN
1_root/1501_Vehicles/1502_Used_cars/1524_LDV
1_root/1501_Vehicles/1502_Used_cars/1525_JMC
1_root/1501_Vehicles/1502_Used_cars/1526_JAC
1_root/1501_Vehicles/1502_Used_cars/1527_Iveco
1_root/1501_Vehicles/1502_Used_cars/1528_Iran_Khodro
1_root/1501_Vehicles/1502_Used_cars/1529_Huanghai
1_root/1501_Vehicles/1502_Used_cars/1530_Haima
1_root/1501_Vehicles/1502_Used_cars/1531_Hafei
1_root/1501_Vehicles/1502_Used_cars/1532_Great_Wall
1_root/1501_Vehicles/1502_Used_cars/1533_GMC
1_root/1501_Vehicles/1502_Used_cars/1534_Geely
1_root/1501_Vehicles/1502_Used_cars/1535_FAW
1_root/1501_Vehicles/1502_Used_cars/1536_Doninvest
1_root/1501_Vehicles/1502_Used_cars/1537_Dongfeng
1_root/1501_Vehicles/1502_Used_cars/1538_Derways
1_root/1501_Vehicles/1502_Used_cars/1539_Datsun
1_root/1501_Vehicles/1502_Used_cars/1540_ZAZ
1_root/1501_Vehicles/1502_Used_cars/1541_Chery
1_root/1501_Vehicles/1502_Used_cars/1542_Changan
1_root/1501_Vehicles/1502_Used_cars/1543_BYD
1_root/1501_Vehicles/1502_Used_cars/1544_Buick
1_root/1501_Vehicles/1502_Used_cars/1545_Brilliance
1_root/1501_Vehicles/1502_Used_cars/1546_BAW
1_root/1501_Vehicles/1502_Used_cars/1547_Asia
1_root/1501_Vehicles/1502_Used_cars/1548_Aro
1_root/1501_Vehicles/1502_Used_cars/1549_Scion
1_root/1501_Vehicles/1502_Used_cars/1550_Saturn
1_root/1501_Vehicles/1502_Used_cars/1551_Aixam
1_root/1501_Vehicles/1502_Used_cars/1552_Alpina
1_root/1501_Vehicles/1502_Used_cars/1553_Alfa_Romeo
1_root/1501_Vehicles/1502_Used_cars/1554_Aston_Martin
1_root/1501_Vehicles/1502_Used_cars/1555_Audi
1_root/1501_Vehicles/1502_Used_cars/1556_Bentley
1_root/1501_Vehicles/1502_Used_cars/1557_BMW
1_root/1501_Vehicles/1502_Used_cars/1558_Cadillac
1_root/1501_Vehicles/1502_Used_cars/1559_Chevrolet
1_root/1501_Vehicles/1502_Used_cars/1560_Chrysler
1_root/1501_Vehicles/1502_Used_cars/1561_Citroen
1_root/1501_Vehicles/1502_Used_cars/1562_Dacia
1_root/1501_Vehicles/1502_Used_cars/1563_Daewoo
1_root/1501_Vehicles/1502_Used_cars/1564_Daihatsu
1_root/1501_Vehicles/1502_Used_cars/1565_Daimler
1_root/1501_Vehicles/1502_Used_cars/1566_Dodge
1_root/1501_Vehicles/1502_Used_cars/1567_Ferrari
1_root/1501_Vehicles/1502_Used_cars/1568_Fiat
1_root/1501_Vehicles/1502_Used_cars/1569_Ford
1_root/1501_Vehicles/1502_Used_cars/1570_Honda
1_root/1501_Vehicles/1502_Used_cars/1571_Hummer
1_root/1501_Vehicles/1502_Used_cars/1572_Hyundai
1_root/1501_Vehicles/1502_Used_cars/1573_Isuzu
1_root/1501_Vehicles/1502_Used_cars/1574_Jaguar
1_root/1501_Vehicles/1502_Used_cars/1575_Jeep
1_root/1501_Vehicles/1502_Used_cars/1576_Kia
1_root/1501_Vehicles/1502_Used_cars/1577_VAZ_LADA_
1_root/1501_Vehicles/1502_Used_cars/1578_Lamborghini
1_root/1501_Vehicles/1502_Used_cars/1579_Lancia
1_root/1501_Vehicles/1502_Used_cars/1580_Land_Rover
1_root/1501_Vehicles/1502_Used_cars/1581_Lexus
1_root/1501_Vehicles/1502_Used_cars/1582_Lotus
1_root/1501_Vehicles/1502_Used_cars/1583_Maserati
1_root/1501_Vehicles/1502_Used_cars/1584_Mazda
1_root/1501_Vehicles/1502_Used_cars/1585_Mercedes_Benz
1_root/1501_Vehicles/1502_Used_cars/1586_MG
1_root/1501_Vehicles/1502_Used_cars/1587_Microcar
1_root/1501_Vehicles/1502_Used_cars/1588_Mini
1_root/1501_Vehicles/1502_Used_cars/1589_Mitsubishi
1_root/1501_Vehicles/1502_Used_cars/1590_Nissan
1_root/1501_Vehicles/1502_Used_cars/1591_Opel
1_root/1501_Vehicles/1502_Used_cars/1592_Perodua
1_root/1501_Vehicles/1502_Used_cars/1593_Peugeot
1_root/1501_Vehicles/1502_Used_cars/1594_Porsche
1_root/1501_Vehicles/1502_Used_cars/1595_Proton
1_root/1501_Vehicles/1502_Used_cars/1596_Reliant
1_root/1501_Vehicles/1502_Used_cars/1597_Renault
1_root/1501_Vehicles/1502_Used_cars/1598_Rolls_Royce
1_root/1501_Vehicles/1502_Used_cars/1599_Rover
1_root/1501_Vehicles/1502_Used_cars/1600_Saab
1_root/1501_Vehicles/1502_Used_cars/1601_Seat
1_root/1501_Vehicles/1502_Used_cars/1602_Skoda
1_root/1501_Vehicles/1502_Used_cars/1603_Smart
1_root/1501_Vehicles/1502_Used_cars/1604_Ssangyong
1_root/1501_Vehicles/1502_Used_cars/1605_Subaru
1_root/1501_Vehicles/1502_Used_cars/1606_Suzuki
1_root/1501_Vehicles/1502_Used_cars/1607_Tata
1_root/1501_Vehicles/1502_Used_cars/1608_Toyota
1_root/1501_Vehicles/1502_Used_cars/1609_Vauxhall
1_root/1501_Vehicles/1502_Used_cars/1610_Volkswagen
1_root/1501_Vehicles/1502_Used_cars/1611_Volvo
1_root/1501_Vehicles/1502_Used_cars/1612_Other
1_root/1501_Vehicles/1502_Used_cars/1613_Acura
1_root/1501_Vehicles/1502_Used_cars/1614_Infiniti
1_root/1501_Vehicles/1502_Used_cars/1615_Mercury
1_root/1501_Vehicles/1502_Used_cars/1503_ZIL
1_root/1501_Vehicles/1502_Used_cars/1504_Tianye
1_root/1501_Vehicles/1502_Used_cars/1505_Vortex
1_root/1501_Vehicles/1502_Used_cars/1506_ZX
1_root/1501_Vehicles/1502_Used_cars/1507_VIS
1_root/1501_Vehicles/1502_Used_cars/1508_GAZ
1_root/1501_Vehicles/1502_Used_cars/89_Microcar
1_root/1501_Vehicles/1502_Used_cars/97_Perodua
1_root/1501_Vehicles/1502_Used_cars/119_Vauxhall
1_root/1501_Vehicles/1502_Used_cars/28_Aixam
1_root/1501_Vehicles/1502_Used_cars/2318_Dadi
1_root/1501_Vehicles/1502_Used_cars/4061_Lada
1_root/1501_Vehicles/1502_Used_cars/4099_Saipa
1_root/1501_Vehicles/1502_Used_cars/4103_Sirena_Motors
1_root/1501_Vehicles/1502_Used_cars/4128_Luxgen
1_root/1501_Vehicles/1502_Used_cars/4133_Tesla
1_root/1501_Vehicles/1502_Used_cars/3297__
1_root/1501_Vehicles/1502_Used_cars/102_Reliant
1_root/1501_Vehicles/1502_Used_cars/1511_Other_vehicles
1_root/1501_Vehicles/1616_Car_Parts_Accessories/1617_Accessories
1_root/1501_Vehicles/1616_Car_Parts_Accessories/1618_In_Car_Audio_GPS
1_root/1501_Vehicles/1616_Car_Parts_Accessories/1619_Tuning_Styling
1_root/1501_Vehicles/1616_Car_Parts_Accessories/1620_Car_Parts
1_root/1501_Vehicles/1616_Car_Parts_Accessories/1621_Tyres_and_wheels
1_root/1501_Vehicles/1616_Car_Parts_Accessories/1622_Other
1_root/1501_Vehicles/1616_Car_Parts_Accessories/1623_Tools
1_root/1501_Vehicles/1616_Car_Parts_Accessories/1624_Car_Security
1_root/1501_Vehicles/1616_Car_Parts_Accessories/4004_Motosiklet_hiss_l_ri
1_root/1501_Vehicles/1625_Motorcycles_Scooters
1_root/1501_Vehicles/1725_Trucks_commercial_agricultural
1_root/1501_Vehicles/2028_Other_vehicles
1_root/2074_Job/2075_Resumes_CVs/2076_Work_at_home
1_root/2074_Job/2075_Resumes_CVs/2077_Arts_entertainment_publishing
1_root/2074_Job/2075_Resumes_CVs/2078_Other_Jobs
1_root/2074_Job/2075_Resumes_CVs/2079_Home_staff
1_root/2074_Job/2075_Resumes_CVs/2080_Marketing_Advertising_PR
1_root/2074_Job/2075_Resumes_CVs/2081_Healthcare_Jobs
1_root/2074_Job/2075_Resumes_CVs/2082_Property_jobs
1_root/2074_Job/2075_Resumes_CVs/2083_Education
1_root/2074_Job/2075_Resumes_CVs/2084_Security
1_root/2074_Job/2075_Resumes_CVs/2085_Kitchen_staff
1_root/2074_Job/2075_Resumes_CVs/2086_Sales_and_Retail
1_root/2074_Job/2075_Resumes_CVs/2087_Work_abroad
1_root/2074_Job/2075_Resumes_CVs/2088_Customer_service
1_root/2074_Job/2075_Resumes_CVs/2089_General_Jobs
1_root/2074_Job/2075_Resumes_CVs/2090_Hotels_Restaurants_Food
1_root/2074_Job/2075_Resumes_CVs/2091_Farm_Vet_Garden_Landscaping
1_root/2074_Job/2075_Resumes_CVs/2092_Beauty_Health
1_root/2074_Job/2075_Resumes_CVs/2093_Stomatology
1_root/2074_Job/2075_Resumes_CVs/2094_Construction
1_root/2074_Job/2075_Resumes_CVs/2095_Housekeeping_Cleaning
1_root/2074_Job/2075_Resumes_CVs/2096_Fitness_and_sport
1_root/2074_Job/2075_Resumes_CVs/2097_Electricians_plumbers
1_root/2074_Job/2075_Resumes_CVs/2098_Paralegal_Legal
1_root/2074_Job/2075_Resumes_CVs/2099_Media_Design_Creative
1_root/2074_Job/2075_Resumes_CVs/2100_Volunteer_Charity_Work
1_root/2074_Job/2075_Resumes_CVs/2101_Driving_Warehouse
1_root/2074_Job/2075_Resumes_CVs/2102_Student_Graduate
1_root/2074_Job/2075_Resumes_CVs/2103_Secretarial_PAs_Admin
1_root/2074_Job/2075_Resumes_CVs/2104_Computing_IT
1_root/2074_Job/2075_Resumes_CVs/2105_HR_and_Recruitment
1_root/2074_Job/2075_Resumes_CVs/2106_Banking_Insurance
1_root/2074_Job/2075_Resumes_CVs/2107_Construction
1_root/2074_Job/2075_Resumes_CVs/2108_Accounting
1_root/2074_Job/2075_Resumes_CVs/3088_Tourism_Travel
1_root/2074_Job/2075_Resumes_CVs/3094_Automotive_Engineering
1_root/2074_Job/2075_Resumes_CVs/3107_Data_Entry_Junior_Admin
1_root/2074_Job/2109_Vacancy/2110_Work_at_home
1_root/2074_Job/2109_Vacancy/2111_Accounting
1_root/2074_Job/2109_Vacancy/2112_Automotive_Engineering
1_root/2074_Job/2109_Vacancy/2113_Banking_Insurance
1_root/2074_Job/2109_Vacancy/2114_Hotels_Restaurants_Food
1_root/2074_Job/2109_Vacancy/2115_Electricians_plumbers
1_root/2074_Job/2109_Vacancy/2116_Kitchen_staff
1_root/2074_Job/2109_Vacancy/2117_Computing_IT
1_root/2074_Job/2109_Vacancy/2118_Construction
1_root/2074_Job/2109_Vacancy/2119_Administrative_work
1_root/2074_Job/2109_Vacancy/2120_Stomatology
1_root/2074_Job/2109_Vacancy/2121_Driving_Warehouse
1_root/2074_Job/2109_Vacancy/2122_Education
1_root/2074_Job/2109_Vacancy/2123_Farm_Vet_Garden_Landscaping
1_root/2074_Job/2109_Vacancy/2124_General_Jobs
1_root/2074_Job/2109_Vacancy/2125_Beauty_salons
1_root/2074_Job/2109_Vacancy/2126_Medicine_pharmacy
1_root/2074_Job/2109_Vacancy/2127_Home_staff
1_root/2074_Job/2109_Vacancy/2128_Housekeeping_Cleaning
1_root/2074_Job/2109_Vacancy/2129_Marketing_Advertising_PR
1_root/2074_Job/2109_Vacancy/2130_Media_Design
1_root/2074_Job/2109_Vacancy/2131_Paralegal_Legal
1_root/2074_Job/2109_Vacancy/2132_Sales_and_Retail
1_root/2074_Job/2109_Vacancy/2133_Security
1_root/2074_Job/2109_Vacancy/2134_Fitness_and_sports
1_root/2074_Job/2109_Vacancy/2135_Student_Graduate
1_root/2074_Job/2109_Vacancy/2136_HR_and_Recruitment
1_root/2074_Job/2109_Vacancy/2137_Work_abroad
1_root/2074_Job/2109_Vacancy/2138_Volunteer_Charity_Work
1_root/2074_Job/2109_Vacancy/2139_Arts_entertainment
1_root/2074_Job/2109_Vacancy/2140_Customer_service
1_root/2074_Job/2109_Vacancy/2141_Real_Estate
1_root/2074_Job/2109_Vacancy/2142_Other_Jobs
1_root/2074_Job/2109_Vacancy/3086_Data_Entry_Junior_Admin
1_root/2074_Job/2109_Vacancy/3083_Travel_Tours
1_root/1484_Pets_and_animals/1485_Pets_Equipment_Accessories
1_root/1484_Pets_and_animals/1487_Cats
1_root/1484_Pets_and_animals/1488_Dogs
1_root/1484_Pets_and_animals/1489_Fish
1_root/1484_Pets_and_animals/1500_Farm_animals
1_root/1484_Pets_and_animals/1491_Rodents/1492_Chinchilla
1_root/1484_Pets_and_animals/1491_Rodents/1493_Ferrets
1_root/1484_Pets_and_animals/1491_Rodents/1494_Guinea_pigs
1_root/1484_Pets_and_animals/1491_Rodents/1495_Hamsters
1_root/1484_Pets_and_animals/1491_Rodents/1496_Mouse
1_root/1484_Pets_and_animals/1491_Rodents/1497_Rabbits
1_root/1484_Pets_and_animals/1491_Rodents/1498_Rats
1_root/1484_Pets_and_animals/1491_Rodents/1499_Other
1_root/1484_Pets_and_animals/1490_Other_pets_and_animals
1_root/1484_Pets_and_animals/1486_Birds
1_root/3199__
1_root/2160_Friendship_dating
1_root/2159_Freebies
1_root/2161_Other
1_root/3054__
1_root/1455__
1_root/3055__
1_root/3056__
1_root/3057__
1_root/3051__
